{"cameraMode":{"drawMode":0,"name":"Shaded","section":"Shading Mode"},"sceneLighting":true,"audioPlay":false,"sceneViewState":{"m_AlwaysRefresh":false,"showFog":true,"showSkybox":true,"showFlares":true,"showImageEffects":true,"showParticleSystems":true,"showVisualEffectGraphs":true,"m_FxEnabled":true},"in2DMode":false,"pivot":{"x":126.04364013671875,"y":358.1947937011719,"z":-113.91410827636719},"rotation":{"x":0.3871151804924011,"y":-0.001383062801323831,"z":0.0005805179825983942,"w":0.9220331311225891},"size":146.32398986816407,"orthographic":false}